GAME_ID,MATCHUP,LOCATION,W,FINAL_MARGIN,SHOT_NUMBER,PERIOD,GAME_CLOCK,SHOT_CLOCK,DRIBBLES,TOUCH_TIME,SHOT_DIST,PTS_TYPE,SHOT_RESULT,CLOSEST_DEFENDER,CLOSEST_DEFENDER_PLAYER_ID,CLOSE_DEF_DIST,FGM,PTS,player_name,player_id
21400899,"MAR 04, 2015 - CHA @ BKN",A,W,24,1,1,1:09,10.8,2,1.9,7.7,2,made,"Anderson, Alan",101187,1.3,1,2,brian roberts,203148
21400899,"MAR 04, 2015 - CHA @ BKN",A,W,24,2,1,0:14,3.4,0,0.8,28.2,3,missed,"Bogdanovic, Bojan",202711,6.1,0,0,brian roberts,203148
21400899,"MAR 04, 2015 - CHA @ BKN",A,W,24,3,1,0:00,,3,2.7,10.1,2,missed,"Bogdanovic, Bojan",202711,0.9,0,0,brian roberts,203148
21400899,"MAR 04, 2015 - CHA @ BKN",A,W,24,4,2,11:47,10.3,2,1.9,17.2,2,missed,"Brown, Markel",203900,3.4,0,0,brian roberts,203148
21400899,"MAR 04, 2015 - CHA @ BKN",A,W,24,5,2,10:34,10.9,2,2.7,3.7,2,missed,"Young, Thaddeus",201152,1.1,0,0,brian roberts,203148
21400899,"MAR 04, 2015 - CHA @ BKN",A,W,24,6,2,8:15,9.1,2,4.4,18.4,2,missed,"Williams, Deron",101114,2.6,0,0,brian roberts,203148
21400899,"MAR 04, 2015 - CHA @ BKN",A,W,24,7,4,10:15,14.5,11,9,20.7,2,missed,"Jack, Jarrett",101127,6.1,0,0,brian roberts,203148
21400899,"MAR 04, 2015 - CHA @ BKN",A,W,24,8,4,8:00,3.4,3,2.5,3.5,2,made,"Plumlee, Mason",203486,2.1,1,2,brian roberts,203148
21400899,"MAR 04, 2015 - CHA @ BKN",A,W,24,9,4,5:14,12.4,0,0.8,24.6,3,missed,"Morris, Darius",202721,7.3,0,0,brian roberts,203148
21400890,"MAR 03, 2015 - CHA vs. LAL",H,W,1,1,2,11:32,17.4,0,1.1,22.4,3,missed,"Ellington, Wayne",201961,19.8,0,0,brian roberts,203148
21400890,"MAR 03, 2015 - CHA vs. LAL",H,W,1,2,2,6:30,16,8,7.5,24.5,3,missed,"Lin, Jeremy",202391,4.7,0,0,brian roberts,203148
21400890,"MAR 03, 2015 - CHA vs. LAL",H,W,1,3,4,11:32,12.1,14,11.9,14.6,2,made,"Lin, Jeremy",202391,1.8,1,2,brian roberts,203148
21400890,"MAR 03, 2015 - CHA vs. LAL",H,W,1,4,4,8:55,4.3,2,2.9,5.9,2,made,"Hill, Jordan",201941,5.4,1,2,brian roberts,203148
21400882,"MAR 01, 2015 - CHA @ ORL",A,W,15,1,4,9:10,4.4,0,0.8,26.4,3,missed,"Green, Willie",2584,4.4,0,0,brian roberts,203148
21400859,"FEB 27, 2015 - CHA @ BOS",A,L,-8,1,1,0:48,6.8,0,0.5,22.8,3,missed,"Smart, Marcus",203935,5.3,0,0,brian roberts,203148
21400859,"FEB 27, 2015 - CHA @ BOS",A,L,-8,2,2,10:38,6.4,3,2.7,24.7,3,made,"Young, James",203923,5.6,1,3,brian roberts,203148
21400859,"FEB 27, 2015 - CHA @ BOS",A,L,-8,3,2,8:27,17.6,6,5.1,25,3,missed,"Jerebko, Jonas",201973,5.4,0,0,brian roberts,203148
21400859,"FEB 27, 2015 - CHA @ BOS",A,L,-8,4,4,10:55,8.7,1,0.9,25.6,3,missed,"Crowder, Jae",203109,5.1,0,0,brian roberts,203148
21400859,"FEB 27, 2015 - CHA @ BOS",A,L,-8,5,4,10:29,20.8,0,1.2,24.2,3,made,"Thomas, Isaiah",202738,11.1,1,3,brian roberts,203148
21400845,"FEB 25, 2015 - CHA @ CHI",A,W,12,1,1,3:35,17.5,2,2.2,25.4,3,missed,"Brooks, Aaron",201166,3.5,0,0,brian roberts,203148
21400845,"FEB 25, 2015 - CHA @ CHI",A,W,12,2,1,0:33,19.5,5,4.4,19.1,2,made,"Hinrich, Kirk",2550,4,1,2,brian roberts,203148
21400845,"FEB 25, 2015 - CHA @ CHI",A,W,12,3,2,8:50,6,6,7.4,14.8,2,made,"Gibson, Taj",201959,5.4,1,2,brian roberts,203148
21400845,"FEB 25, 2015 - CHA @ CHI",A,W,12,4,2,8:24,15.7,0,0.7,25.2,3,missed,"Hinrich, Kirk",2550,3.7,0,0,brian roberts,203148
21400845,"FEB 25, 2015 - CHA @ CHI",A,W,12,5,2,5:32,11.2,16,13.4,22.8,3,made,"Gibson, Taj",201959,5.1,1,3,brian roberts,203148
21400845,"FEB 25, 2015 - CHA @ CHI",A,W,12,6,2,0:04,,0,0.7,25.2,3,missed,"Butler, Jimmy",202710,3.6,0,0,brian roberts,203148
21400845,"FEB 25, 2015 - CHA @ CHI",A,W,12,7,4,10:13,17.1,7,7.2,24.6,3,made,"Noah, Joakim",201149,6,1,3,brian roberts,203148
21400845,"FEB 25, 2015 - CHA @ CHI",A,W,12,8,4,5:34,15.4,1,1.6,10.6,2,made,"Brooks, Aaron",201166,0.7,1,2,brian roberts,203148
21400827,"FEB 22, 2015 - CHA @ DAL",A,L,-11,1,1,2:25,12.3,0,0.8,20.2,2,missed,"Harris, Devin",2734,3.5,0,0,brian roberts,203148
21400827,"FEB 22, 2015 - CHA @ DAL",A,L,-11,2,2,9:08,18.2,7,5.2,24.9,3,missed,"Barea, Jose Juan",200826,4.5,0,0,brian roberts,203148
21400827,"FEB 22, 2015 - CHA @ DAL",A,L,-11,3,2,8:53,11.9,1,2.1,8.3,2,missed,"Barea, Jose Juan",200826,3.5,0,0,brian roberts,203148
21400827,"FEB 22, 2015 - CHA @ DAL",A,L,-11,4,4,11:37,11.6,2,1.8,10,2,missed,"Barea, Jose Juan",200826,2.4,0,0,brian roberts,203148
21400816,"FEB 21, 2015 - CHA vs. OKC",H,L,-7,1,1,1:18,10.3,0,0.8,24.1,3,missed,"Augustin, D.J.",201571,10.2,0,0,brian roberts,203148
21400816,"FEB 21, 2015 - CHA vs. OKC",H,L,-7,2,2,9:34,6,1,0.8,24.2,3,missed,"Augustin, D.J.",201571,3.4,0,0,brian roberts,203148
21400816,"FEB 21, 2015 - CHA vs. OKC",H,L,-7,3,4,11:34,9.9,1,2.2,7.6,2,made,"Augustin, D.J.",201571,2.4,1,2,brian roberts,203148
21400816,"FEB 21, 2015 - CHA vs. OKC",H,L,-7,4,4,8:08,6.1,2,1.8,8,2,made,"Augustin, D.J.",201571,1.8,1,2,brian roberts,203148
21400783,"FEB 10, 2015 - CHA vs. DET",H,L,-28,1,1,8:46,16,10,7.5,6.9,2,made,"Drummond, Andre",203083,4.9,1,2,brian roberts,203148
21400783,"FEB 10, 2015 - CHA vs. DET",H,L,-28,2,3,7:19,11.7,0,0.9,24.1,3,missed,"Augustin, D.J.",201571,4.8,0,0,brian roberts,203148
21400783,"FEB 10, 2015 - CHA vs. DET",H,L,-28,3,4,10:58,6.5,1,1.8,5.1,2,missed,"Drummond, Andre",203083,3.3,0,0,brian roberts,203148
21400783,"FEB 10, 2015 - CHA vs. DET",H,L,-28,4,4,7:52,13.8,0,0.9,25,3,missed,"Lucas III, John",101249,3,0,0,brian roberts,203148
21400783,"FEB 10, 2015 - CHA vs. DET",H,L,-28,5,4,1:33,12.1,0,0.9,24,3,missed,"Dinwiddie, Spencer",203915,6.7,0,0,brian roberts,203148
21400783,"FEB 10, 2015 - CHA vs. DET",H,L,-28,6,4,0:25,8.3,6,5.8,9.3,2,missed,"Jerebko, Jonas",201973,3.6,0,0,brian roberts,203148
21400768,"FEB 08, 2015 - CHA vs. IND",H,L,-1,1,1,5:58,19.7,0,1,24.7,3,made,"Miles, CJ",101139,11.3,1,3,brian roberts,203148
21400768,"FEB 08, 2015 - CHA vs. IND",H,L,-1,2,1,5:21,12.8,0,0.9,22.5,3,made,"Hill, George",201588,7.2,1,3,brian roberts,203148
21400768,"FEB 08, 2015 - CHA vs. IND",H,L,-1,3,1,4:22,16.5,7,6.2,8.8,2,missed,"Watson, CJ",201228,2.5,0,0,brian roberts,203148
21400768,"FEB 08, 2015 - CHA vs. IND",H,L,-1,4,1,0:31,11.3,0,0.8,20,2,made,"Watson, CJ",201228,1.9,1,2,brian roberts,203148
21400768,"FEB 08, 2015 - CHA vs. IND",H,L,-1,5,2,11:47,9.7,1,0.8,24.7,3,missed,"Watson, CJ",201228,4.3,0,0,brian roberts,203148
21400768,"FEB 08, 2015 - CHA vs. IND",H,L,-1,6,2,9:18,0.7,3,3.7,5.6,2,made,"Whittington, Shayne",203963,2.4,1,2,brian roberts,203148
21400768,"FEB 08, 2015 - CHA vs. IND",H,L,-1,7,3,5:19,9.4,0,0.9,23.1,3,made,"Watson, CJ",201228,9.1,1,3,brian roberts,203148
21400768,"FEB 08, 2015 - CHA vs. IND",H,L,-1,8,3,5:05,19.4,0,1,5.2,2,made,"West, David",2561,3.2,1,2,brian roberts,203148
21400768,"FEB 08, 2015 - CHA vs. IND",H,L,-1,9,3,2:31,15.8,9,7.3,20,2,missed,"Watson, CJ",201228,1.9,0,0,brian roberts,203148
21400768,"FEB 08, 2015 - CHA vs. IND",H,L,-1,10,3,1:01,4.8,2,2.8,16.1,2,missed,"Hill, Solomon",203524,4.6,0,0,brian roberts,203148
21400768,"FEB 08, 2015 - CHA vs. IND",H,L,-1,11,3,0:32,16.2,9,7.8,6.7,2,made,"Watson, CJ",201228,2.3,1,2,brian roberts,203148
21400768,"FEB 08, 2015 - CHA vs. IND",H,L,-1,12,4,5:40,22,0,1,5,2,made,"Hill, George",201588,4.3,1,2,brian roberts,203148
21400768,"FEB 08, 2015 - CHA vs. IND",H,L,-1,13,4,2:50,6.5,2,1.6,11.4,2,missed,"Hill, George",201588,3.2,0,0,brian roberts,203148
21400768,"FEB 08, 2015 - CHA vs. IND",H,L,-1,14,4,0:01,,5,3.7,34.4,3,missed,"Hill, George",201588,3.6,0,0,brian roberts,203148
21400761,"FEB 07, 2015 - CHA @ PHI",A,L,-8,1,1,9:21,10.7,0,0.8,19.5,2,made,"Frazier, Tim",204025,4.7,1,2,brian roberts,203148
21400761,"FEB 07, 2015 - CHA @ PHI",A,L,-8,2,1,7:32,5,2,4.7,22.9,2,missed,"Noel, Nerlens",203457,6.8,0,0,brian roberts,203148
21400761,"FEB 07, 2015 - CHA @ PHI",A,L,-8,3,1,4:42,15.6,0,0.9,24,3,made,"Grant, Jerami",203924,5.5,1,3,brian roberts,203148
21400761,"FEB 07, 2015 - CHA @ PHI",A,L,-8,4,1,3:10,10.4,0,1,19.5,2,missed,"Frazier, Tim",204025,4,0,0,brian roberts,203148
21400761,"FEB 07, 2015 - CHA @ PHI",A,L,-8,5,1,1:13,10.9,0,0.8,23.7,3,missed,"Sampson, JaKarr",203960,5,0,0,brian roberts,203148
21400761,"FEB 07, 2015 - CHA @ PHI",A,L,-8,6,3,6:52,7.4,1,2.4,14.8,2,missed,"Frazier, Tim",204025,3.4,0,0,brian roberts,203148
21400761,"FEB 07, 2015 - CHA @ PHI",A,L,-8,7,3,6:26,15.7,10,8.6,25,3,missed,"Frazier, Tim",204025,5.2,0,0,brian roberts,203148
21400761,"FEB 07, 2015 - CHA @ PHI",A,L,-8,8,3,5:38,9.7,0,0.7,22.2,3,missed,"Mbah a Moute, Luc",201601,5.8,0,0,brian roberts,203148
21400761,"FEB 07, 2015 - CHA @ PHI",A,L,-8,9,3,2:52,0.3,0,0.4,26.7,3,missed,"Grant, Jerami",203924,11.6,0,0,brian roberts,203148
21400761,"FEB 07, 2015 - CHA @ PHI",A,L,-8,10,4,3:36,15.8,11,8.5,19.6,2,missed,"Frazier, Tim",204025,2.7,0,0,brian roberts,203148
21400761,"FEB 07, 2015 - CHA @ PHI",A,L,-8,11,4,1:57,11.7,2,2.2,25.3,3,missed,"Noel, Nerlens",203457,5.6,0,0,brian roberts,203148
21400761,"FEB 07, 2015 - CHA @ PHI",A,L,-8,12,4,0:56,20.2,3,3.5,28,3,missed,"Frazier, Tim",204025,5.3,0,0,brian roberts,203148
21400742,"FEB 05, 2015 - CHA vs. WAS",H,W,7,1,1,8:43,16,0,0.8,24.9,3,missed,"Wall, John",202322,5.8,0,0,brian roberts,203148
21400742,"FEB 05, 2015 - CHA vs. WAS",H,W,7,2,1,6:42,9.4,1,1.5,6.7,2,missed,"Wall, John",202322,2,0,0,brian roberts,203148
21400742,"FEB 05, 2015 - CHA vs. WAS",H,W,7,3,1,3:42,14.5,0,0.7,24.4,3,missed,"Gortat, Marcin",101162,8.7,0,0,brian roberts,203148
21400742,"FEB 05, 2015 - CHA vs. WAS",H,W,7,4,1,0:09,5.3,0,0.6,24.1,3,missed,"Temple, Garrett",202066,9.2,0,0,brian roberts,203148
21400742,"FEB 05, 2015 - CHA vs. WAS",H,W,7,5,2,1:32,12.1,1,0.8,25,3,missed,"Pierce, Paul",1718,10.6,0,0,brian roberts,203148
21400742,"FEB 05, 2015 - CHA vs. WAS",H,W,7,6,2,1:23,17.3,1,1.8,26.2,3,missed,"Wall, John",202322,4.8,0,0,brian roberts,203148
21400742,"FEB 05, 2015 - CHA vs. WAS",H,W,7,7,3,4:36,14.5,10,9.2,21.8,2,made,"Wall, John",202322,4.4,1,2,brian roberts,203148
21400742,"FEB 05, 2015 - CHA vs. WAS",H,W,7,8,3,3:03,9.9,1,3.2,20.4,2,missed,"Humphries, Kris",2743,4.6,0,0,brian roberts,203148
21400742,"FEB 05, 2015 - CHA vs. WAS",H,W,7,9,3,0:42,4.7,1,2.1,24.7,3,made,"Temple, Garrett",202066,3.5,1,3,brian roberts,203148
21400742,"FEB 05, 2015 - CHA vs. WAS",H,W,7,10,3,0:01,,2,3.6,13.1,2,made,"Butler, Rasual",2446,2.5,1,2,brian roberts,203148
21400742,"FEB 05, 2015 - CHA vs. WAS",H,W,7,11,4,11:27,8.7,3,2.2,24,3,missed,"Temple, Garrett",202066,4.2,0,0,brian roberts,203148
21400742,"FEB 05, 2015 - CHA vs. WAS",H,W,7,12,4,9:38,24,0,0,14.5,2,made,"Porter, Otto",203490,10.7,1,2,brian roberts,203148
21400742,"FEB 05, 2015 - CHA vs. WAS",H,W,7,13,4,1:38,3,5,4.7,21.7,2,made,"Wall, John",202322,4.8,1,2,brian roberts,203148
21400719,"FEB 02, 2015 - CHA @ WAS",A,W,4,1,1,9:18,22,4,3,21.2,2,made,"Wall, John",202322,9,1,2,brian roberts,203148
21400719,"FEB 02, 2015 - CHA @ WAS",A,W,4,2,1,6:09,11.8,0,1,20.8,2,missed,"Wall, John",202322,3.9,0,0,brian roberts,203148
21400719,"FEB 02, 2015 - CHA @ WAS",A,W,4,3,1,3:28,7.5,0,0.6,4.4,2,made,"Humphries, Kris",2743,2.8,1,2,brian roberts,203148
21400719,"FEB 02, 2015 - CHA @ WAS",A,W,4,4,2,2:12,20.2,0,1,24.4,3,made,"Wall, John",202322,12.8,1,3,brian roberts,203148
21400719,"FEB 02, 2015 - CHA @ WAS",A,W,4,5,2,0:45,20.2,4,3.2,26.5,3,missed,"Wall, John",202322,4.4,0,0,brian roberts,203148
21400719,"FEB 02, 2015 - CHA @ WAS",A,W,4,6,3,6:57,10.5,2,4.9,22,2,missed,Nene,2403,8,0,0,brian roberts,203148
21400719,"FEB 02, 2015 - CHA @ WAS",A,W,4,7,3,5:20,12.3,2,2.4,3.4,2,made,"Wall, John",202322,1.8,1,2,brian roberts,203148
21400719,"FEB 02, 2015 - CHA @ WAS",A,W,4,8,4,6:14,0.8,5,4.2,22.7,2,made,"Humphries, Kris",2743,4.3,1,2,brian roberts,203148
21400719,"FEB 02, 2015 - CHA @ WAS",A,W,4,9,4,5:37,5.2,0,0.8,25.8,3,missed,"Temple, Garrett",202066,5.7,0,0,brian roberts,203148
21400719,"FEB 02, 2015 - CHA @ WAS",A,W,4,10,4,2:18,14.7,9,8.8,8,2,made,"Gortat, Marcin",101162,3.7,1,2,brian roberts,203148
21400713,"JAN 31, 2015 - CHA @ DEN",A,W,18,1,1,9:58,13.7,3,3.9,13,2,missed,"Gallinari, Danilo",201568,3.1,0,0,brian roberts,203148
21400713,"JAN 31, 2015 - CHA @ DEN",A,W,18,2,1,9:25,19.9,1,1.8,24.4,3,missed,"Nurkic, Jusuf",203994,9.5,0,0,brian roberts,203148
21400713,"JAN 31, 2015 - CHA @ DEN",A,W,18,3,1,5:43,7.2,0,0.8,24.8,3,missed,"Lawson, Ty",201951,5.7,0,0,brian roberts,203148
21400713,"JAN 31, 2015 - CHA @ DEN",A,W,18,4,1,3:49,20.1,2,2.7,1.5,2,missed,"Hickson, JJ",201581,0.6,0,0,brian roberts,203148
21400713,"JAN 31, 2015 - CHA @ DEN",A,W,18,5,3,9:26,15.8,0,1,24.8,3,missed,"Lawson, Ty",201951,7.8,0,0,brian roberts,203148
21400713,"JAN 31, 2015 - CHA @ DEN",A,W,18,6,3,8:19,9.7,0,0.8,20.3,2,missed,"Hickson, JJ",201581,5.4,0,0,brian roberts,203148
21400713,"JAN 31, 2015 - CHA @ DEN",A,W,18,7,3,6:50,16.7,7,5,19.6,2,missed,"Lawson, Ty",201951,4.6,0,0,brian roberts,203148
21400689,"JAN 28, 2015 - CHA @ SAS",A,L,-9,1,1,6:08,14.6,10,9.7,21,2,missed,"Parker, Tony",2225,6.3,0,0,brian roberts,203148
21400689,"JAN 28, 2015 - CHA @ SAS",A,L,-9,2,1,5:00,17.6,0,0.8,24.5,3,missed,"Parker, Tony",2225,3.8,0,0,brian roberts,203148
21400689,"JAN 28, 2015 - CHA @ SAS",A,L,-9,3,1,2:41,10.3,1,1.2,18,2,missed,"Mills, Patty",201988,5.9,0,0,brian roberts,203148
21400689,"JAN 28, 2015 - CHA @ SAS",A,L,-9,4,3,11:49,24,0,2.2,4.4,2,missed,"Duncan, Tim",1495,7,0,0,brian roberts,203148
21400689,"JAN 28, 2015 - CHA @ SAS",A,L,-9,5,3,7:44,9.1,0,0.8,25.7,3,made,"Parker, Tony",2225,3.5,1,3,brian roberts,203148
21400689,"JAN 28, 2015 - CHA @ SAS",A,L,-9,6,3,6:02,15.1,8,8.4,7.9,2,made,"Parker, Tony",2225,2,1,2,brian roberts,203148
21400689,"JAN 28, 2015 - CHA @ SAS",A,L,-9,7,3,4:54,12.4,0,0.7,25.8,3,missed,"Ginobili, Manu",1938,5.1,0,0,brian roberts,203148
21400689,"JAN 28, 2015 - CHA @ SAS",A,L,-9,8,3,1:59,17,8,6.8,24.6,3,missed,"Mills, Patty",201988,3.2,0,0,brian roberts,203148
21400689,"JAN 28, 2015 - CHA @ SAS",A,L,-9,9,4,5:58,21.7,0,1,25,3,missed,"Parker, Tony",2225,4.4,0,0,brian roberts,203148
21400689,"JAN 28, 2015 - CHA @ SAS",A,L,-9,10,4,3:45,7.1,0,0.8,22.7,3,made,"Parker, Tony",2225,3.2,1,3,brian roberts,203148
21400689,"JAN 28, 2015 - CHA @ SAS",A,L,-9,11,4,1:40,12,0,1.7,23.9,3,missed,"Mills, Patty",201988,11,0,0,brian roberts,203148
21400652,"JAN 24, 2015 - CHA vs. NYK",H,W,5,1,1,11:02,16,0,0.7,19.2,2,missed,"Galloway, Langston",204038,6.3,0,0,brian roberts,203148
21400652,"JAN 24, 2015 - CHA vs. NYK",H,W,5,2,1,6:05,16.7,5,5.5,21,2,made,"Amundson, Lou",200811,4.1,1,2,brian roberts,203148
21400652,"JAN 24, 2015 - CHA vs. NYK",H,W,5,3,2,3:21,6.2,1,2.4,24.5,3,made,"Galloway, Langston",204038,5.9,1,3,brian roberts,203148
21400652,"JAN 24, 2015 - CHA vs. NYK",H,W,5,4,2,0:29,13.3,4,3.9,20.8,2,missed,"Smith, Jason",201160,7,0,0,brian roberts,203148
21400652,"JAN 24, 2015 - CHA vs. NYK",H,W,5,5,3,7:43,11.7,0,0.9,19,2,made,"Galloway, Langston",204038,5.3,1,2,brian roberts,203148
21400652,"JAN 24, 2015 - CHA vs. NYK",H,W,5,6,3,5:09,6.6,2,3.2,19.3,2,made,"Galloway, Langston",204038,3.7,1,2,brian roberts,203148
21400652,"JAN 24, 2015 - CHA vs. NYK",H,W,5,7,4,6:21,14.5,12,8.7,11,2,missed,"Galloway, Langston",204038,0.8,0,0,brian roberts,203148
21400652,"JAN 24, 2015 - CHA vs. NYK",H,W,5,8,4,6:13,20.2,0,0.9,24.6,3,missed,"Smith, Jason",201160,13,0,0,brian roberts,203148
21400652,"JAN 24, 2015 - CHA vs. NYK",H,W,5,9,4,2:17,4.7,5,5.5,17.8,2,made,"Galloway, Langston",204038,5,1,2,brian roberts,203148
21400643,"JAN 23, 2015 - CHA @ CLE",A,L,-39,1,2,7:05,9.8,0,0.9,24.7,3,missed,"Irving, Kyrie",202681,7.9,0,0,brian roberts,203148
21400643,"JAN 23, 2015 - CHA @ CLE",A,L,-39,2,3,3:15,15.1,0,0.8,22.7,3,made,"Irving, Kyrie",202681,8.7,1,3,brian roberts,203148
21400643,"JAN 23, 2015 - CHA @ CLE",A,L,-39,3,3,2:43,10,2,5.2,18.1,2,missed,"Thompson, Tristan",202684,3.3,0,0,brian roberts,203148
21400643,"JAN 23, 2015 - CHA @ CLE",A,L,-39,4,4,7:12,15.8,0,1.3,24.8,3,missed,"Miller, Mike",2034,8.1,0,0,brian roberts,203148
21400625,"JAN 21, 2015 - CHA vs. MIA",H,W,2,1,2,11:42,5.5,0,0.7,25.1,3,made,"Ennis, James",203516,7.8,1,3,brian roberts,203148
21400625,"JAN 21, 2015 - CHA vs. MIA",H,W,2,2,4,7:52,24,0,6.3,2.7,2,missed,"Haslem, Udonis",2617,3.3,0,0,brian roberts,203148
21400611,"JAN 19, 2015 - CHA vs. MIN",H,W,25,1,1,9:44,16.2,8,7.6,20.5,2,made,"Williams, Mo",2590,2.9,1,2,brian roberts,203148
21400611,"JAN 19, 2015 - CHA vs. MIN",H,W,25,2,1,6:34,12.9,0,0.8,18.3,2,made,"Williams, Mo",2590,5.1,1,2,brian roberts,203148
21400611,"JAN 19, 2015 - CHA vs. MIN",H,W,25,3,1,4:24,2,4,2.9,6.7,2,missed,"Young, Thaddeus",201152,0.8,0,0,brian roberts,203148
21400611,"JAN 19, 2015 - CHA vs. MIN",H,W,25,4,1,3:03,13.5,0,1,21.6,2,missed,"Williams, Mo",2590,12.2,0,0,brian roberts,203148
21400611,"JAN 19, 2015 - CHA vs. MIN",H,W,25,5,2,3:58,6.2,0,1,22.8,3,missed,"Williams, Mo",2590,9.3,0,0,brian roberts,203148
21400611,"JAN 19, 2015 - CHA vs. MIN",H,W,25,6,2,2:28,16.9,3,1.6,24.7,3,missed,"Young, Thaddeus",201152,6.3,0,0,brian roberts,203148
21400611,"JAN 19, 2015 - CHA vs. MIN",H,W,25,7,2,0:02,,5,5,12,2,missed,"Williams, Mo",2590,4,0,0,brian roberts,203148
21400611,"JAN 19, 2015 - CHA vs. MIN",H,W,25,8,3,7:46,13.3,3,2.2,24.9,3,made,"Williams, Mo",2590,7.8,1,3,brian roberts,203148
21400611,"JAN 19, 2015 - CHA vs. MIN",H,W,25,9,3,3:59,7,4,3.6,5.3,2,made,"Young, Thaddeus",201152,2.6,1,2,brian roberts,203148
21400611,"JAN 19, 2015 - CHA vs. MIN",H,W,25,10,3,2:27,13.3,8,6.4,20.5,2,made,"LaVine, Zach",203897,6.2,1,2,brian roberts,203148
21400611,"JAN 19, 2015 - CHA vs. MIN",H,W,25,11,3,0:35,13.4,1,0.9,24,3,made,"LaVine, Zach",203897,5.3,1,3,brian roberts,203148
21400611,"JAN 19, 2015 - CHA vs. MIN",H,W,25,12,3,0:03,,2,2.3,17.9,2,missed,"Daniels, Troy",203584,2.7,0,0,brian roberts,203148
21400600,"JAN 17, 2015 - CHA vs. IND",H,W,9,1,1,10:34,19.7,0,1.1,4.2,2,missed,"Hibbert, Roy",201579,1.6,0,0,brian roberts,203148
21400600,"JAN 17, 2015 - CHA vs. IND",H,W,9,2,1,9:57,15,11,10,19.4,2,missed,"Watson, CJ",201228,2.4,0,0,brian roberts,203148
21400600,"JAN 17, 2015 - CHA vs. IND",H,W,9,3,1,4:16,10.6,0,0.4,17.7,2,missed,"West, David",2561,5.8,0,0,brian roberts,203148
21400600,"JAN 17, 2015 - CHA vs. IND",H,W,9,4,1,1:01,18.2,4,6.2,16.1,2,missed,"Mahinmi, Ian",101133,4.5,0,0,brian roberts,203148
21400600,"JAN 17, 2015 - CHA vs. IND",H,W,9,5,2,4:42,11.8,1,2,19.4,2,missed,"Sloan, Donald",202388,3.2,0,0,brian roberts,203148
21400600,"JAN 17, 2015 - CHA vs. IND",H,W,9,6,2,1:36,23,0,0.7,22.3,2,made,"Sloan, Donald",202388,13,1,2,brian roberts,203148
21400600,"JAN 17, 2015 - CHA vs. IND",H,W,9,7,2,0:03,,2,1.7,10.4,2,made,"Sloan, Donald",202388,2.7,1,2,brian roberts,203148
21400600,"JAN 17, 2015 - CHA vs. IND",H,W,9,8,3,8:33,16.2,2,2.3,19.5,2,missed,"Watson, CJ",201228,4,0,0,brian roberts,203148
21400600,"JAN 17, 2015 - CHA vs. IND",H,W,9,9,3,7:57,4,0,0.8,4.7,2,missed,"Hibbert, Roy",201579,3.6,0,0,brian roberts,203148
21400600,"JAN 17, 2015 - CHA vs. IND",H,W,9,10,3,1:00,17.8,7,5.9,12.6,2,missed,"Sloan, Donald",202388,2.7,0,0,brian roberts,203148
21400600,"JAN 17, 2015 - CHA vs. IND",H,W,9,11,3,0:01,,6,4.6,18.3,2,missed,"Rudez, Damjan",204014,2.2,0,0,brian roberts,203148
21400600,"JAN 17, 2015 - CHA vs. IND",H,W,9,12,5,2:22,9.7,14,12.7,8.1,2,missed,"Rudez, Damjan",204014,0.9,0,0,brian roberts,203148
21400574,"JAN 14, 2015 - CHA vs. SAS",H,L,-5,1,1,0:56,11.8,0,0,23.2,2,made,"Joseph, Cory",202709,4,1,2,brian roberts,203148
21400574,"JAN 14, 2015 - CHA vs. SAS",H,L,-5,2,2,11:08,20.3,4,3.2,24.2,3,missed,"Diaw, Boris",2564,5.5,0,0,brian roberts,203148
21400574,"JAN 14, 2015 - CHA vs. SAS",H,L,-5,3,2,10:44,10,0,0.9,5.6,2,made,"Diaw, Boris",2564,2.7,1,2,brian roberts,203148
21400574,"JAN 14, 2015 - CHA vs. SAS",H,L,-5,4,4,11:43,5.8,2,2,19.2,2,missed,"Parker, Tony",2225,3.2,0,0,brian roberts,203148
21400549,"JAN 10, 2015 - CHA @ NYK",A,W,28,1,1,2:49,20.3,1,1.7,24.3,3,missed,"Hardaway Jr., Tim",203501,11.3,0,0,brian roberts,203148
21400549,"JAN 10, 2015 - CHA @ NYK",A,W,28,2,2,7:59,16.9,4,4.2,15,2,missed,"Larkin, Shane",203499,2.6,0,0,brian roberts,203148
21400549,"JAN 10, 2015 - CHA @ NYK",A,W,28,3,2,7:03,2.9,1,1.6,24.2,3,missed,"Calderon, Jose",101181,3.8,0,0,brian roberts,203148
21400549,"JAN 10, 2015 - CHA @ NYK",A,W,28,4,2,6:11,8.7,2,2.8,7.4,2,made,"Aldrich, Cole",202332,3.1,1,2,brian roberts,203148
21400549,"JAN 10, 2015 - CHA @ NYK",A,W,28,5,4,9:41,6.5,2,2.4,20.4,2,made,"Hardaway Jr., Tim",203501,7.8,1,2,brian roberts,203148
21400549,"JAN 10, 2015 - CHA @ NYK",A,W,28,6,4,6:47,15.3,4,5.2,21.5,2,made,"Wear, Travis",204037,5.5,1,2,brian roberts,203148
21400549,"JAN 10, 2015 - CHA @ NYK",A,W,28,7,4,5:26,7.9,1,1.8,21.7,2,made,"Larkin, Shane",203499,4.6,1,2,brian roberts,203148
21400549,"JAN 10, 2015 - CHA @ NYK",A,W,28,8,4,1:53,12.8,2,2.6,18.5,2,made,"Wear, Travis",204037,5.1,1,2,brian roberts,203148
21400535,"JAN 08, 2015 - CHA @ TOR",A,W,8,1,2,11:47,11,1,1,26.1,3,missed,"Williams, Lou",101150,4.5,0,0,brian roberts,203148
21400535,"JAN 08, 2015 - CHA @ TOR",A,W,8,2,2,7:41,21.1,1,1.7,3.1,2,made,"Vasquez, Greivis",202349,16.3,1,2,brian roberts,203148
21400535,"JAN 08, 2015 - CHA @ TOR",A,W,8,3,2,7:13,13.6,0,0.8,19.3,2,made,"Valanciunas, Jonas",202685,7.2,1,2,brian roberts,203148
21400535,"JAN 08, 2015 - CHA @ TOR",A,W,8,4,2,5:19,6.1,3,5.1,21.5,2,missed,"Ross, Terrence",203082,3.5,0,0,brian roberts,203148
21400535,"JAN 08, 2015 - CHA @ TOR",A,W,8,5,4,6:47,7.3,0,0.7,25.2,3,missed,"Ross, Terrence",203082,4.2,0,0,brian roberts,203148
21400522,"JAN 07, 2015 - CHA vs. NOP",H,W,4,1,1,0:33,1,1,3.6,11.4,2,made,"Fredette, Jimmer",202690,1.8,1,2,brian roberts,203148
21400522,"JAN 07, 2015 - CHA vs. NOP",H,W,4,2,2,10:22,16,8,7.4,17.6,2,missed,"Fredette, Jimmer",202690,1.9,0,0,brian roberts,203148
21400522,"JAN 07, 2015 - CHA vs. NOP",H,W,4,3,2,7:57,11.4,2,3.6,24.3,3,made,"Fredette, Jimmer",202690,4.8,1,3,brian roberts,203148
21400522,"JAN 07, 2015 - CHA vs. NOP",H,W,4,4,4,11:46,9.8,0,0.9,24.8,3,made,"Holiday, Jrue",201950,4.9,1,3,brian roberts,203148
21400522,"JAN 07, 2015 - CHA vs. NOP",H,W,4,5,4,8:34,15.4,11,8.9,25.2,3,missed,"Fredette, Jimmer",202690,4,0,0,brian roberts,203148
21400510,"JAN 05, 2015 - CHA @ BOS",A,W,9,1,2,11:23,6.5,2,3.4,19.3,2,missed,"Olynyk, Kelly",203482,4.4,0,0,brian roberts,203148
21400510,"JAN 05, 2015 - CHA @ BOS",A,W,9,2,4,9:50,1.7,0,0.7,24.7,3,made,"Pressey, Phil",203515,5.1,1,3,brian roberts,203148
21400495,"JAN 03, 2015 - CHA @ ORL",A,W,8,1,2,9:25,18.7,0,0.8,22.6,3,missed,"Ridnour, Luke",2557,6.9,0,0,brian roberts,203148
21400495,"JAN 03, 2015 - CHA @ ORL",A,W,8,2,4,8:32,9.6,2,4.7,9.1,2,missed,"Oladipo, Victor",203506,3,0,0,brian roberts,203148
21400495,"JAN 03, 2015 - CHA @ ORL",A,W,8,3,4,7:33,13.1,1,1.8,17,2,made,"Oladipo, Victor",203506,9,1,2,brian roberts,203148
21400495,"JAN 03, 2015 - CHA @ ORL",A,W,8,4,4,6:45,5.3,9,8.7,11.4,2,missed,"Vucevic, Nikola",202696,2.7,0,0,brian roberts,203148
21400484,"JAN 02, 2015 - CHA vs. CLE",H,L,-4,1,2,8:33,13.9,10,9.8,26,3,missed,"Dellavedova, Matthew",203521,5.4,0,0,brian roberts,203148
21400484,"JAN 02, 2015 - CHA vs. CLE",H,L,-4,2,2,6:26,14,11,8.4,18,2,made,"Dellavedova, Matthew",203521,4,1,2,brian roberts,203148
21400484,"JAN 02, 2015 - CHA vs. CLE",H,L,-4,3,2,5:18,7.6,1,2.3,21,2,made,"Thompson, Tristan",202684,5,1,2,brian roberts,203148
21400478,"DEC 31, 2014 - CHA @ HOU",A,L,-19,1,2,7:03,9.3,0,0.8,22,3,made,"Brewer, Corey",201147,8.9,1,3,brian roberts,203148
21400478,"DEC 31, 2014 - CHA @ HOU",A,L,-19,2,4,10:00,14.3,10,10.2,13.4,2,missed,"Terry, Jason",1891,3.2,0,0,brian roberts,203148
21400478,"DEC 31, 2014 - CHA @ HOU",A,L,-19,3,4,8:52,0.3,3,6.1,21.5,2,missed,"Terry, Jason",1891,2.5,0,0,brian roberts,203148
21400478,"DEC 31, 2014 - CHA @ HOU",A,L,-19,4,4,7:40,16.2,7,6.1,19.2,2,missed,"Smith, Josh",2746,4.8,0,0,brian roberts,203148
21400478,"DEC 31, 2014 - CHA @ HOU",A,L,-19,5,4,7:08,14.7,0,0.7,22.5,3,missed,"Terry, Jason",1891,3.4,0,0,brian roberts,203148
21400478,"DEC 31, 2014 - CHA @ HOU",A,L,-19,6,4,1:24,13.5,9,7.6,21.7,2,missed,"Canaan, Isaiah",203477,8.9,0,0,brian roberts,203148
21400478,"DEC 31, 2014 - CHA @ HOU",A,L,-19,7,4,0:13,,3,3.3,27.1,3,missed,"Canaan, Isaiah",203477,5.6,0,0,brian roberts,203148
21400459,"DEC 29, 2014 - CHA vs. MIL",H,L,-10,1,2,11:37,16.9,8,6.9,19.2,2,made,"Marshall, Kendall",203088,2.7,1,2,brian roberts,203148
21400459,"DEC 29, 2014 - CHA vs. MIL",H,L,-10,2,2,10:21,20.5,0,1.2,25.3,3,missed,"Middleton, Khris",203114,7.3,0,0,brian roberts,203148
21400459,"DEC 29, 2014 - CHA vs. MIL",H,L,-10,3,2,5:12,4.8,1,3,15.8,2,made,"Dudley, Jared",201162,2.5,1,2,brian roberts,203148
21400459,"DEC 29, 2014 - CHA vs. MIL",H,L,-10,4,4,5:43,4.3,1,2.1,23.8,3,made,"Marshall, Kendall",203088,5.3,1,3,brian roberts,203148
21400459,"DEC 29, 2014 - CHA vs. MIL",H,L,-10,5,4,2:48,17.6,0,0.8,23.8,3,missed,"Middleton, Khris",203114,5.5,0,0,brian roberts,203148
21400459,"DEC 29, 2014 - CHA vs. MIL",H,L,-10,6,5,4:00,13.7,3,2.3,6.4,2,missed,"Mayo, O.J.",201564,1.8,0,0,brian roberts,203148
21400459,"DEC 29, 2014 - CHA vs. MIL",H,L,-10,7,5,1:17,21.1,0,0.8,24.7,3,missed,"Mayo, O.J.",201564,0,0,0,brian roberts,203148
21400444,"DEC 27, 2014 - CHA vs. ORL",H,L,-8,1,2,11:51,13.8,9,9.3,23.9,3,made,"Payton, Elfrid",203901,5.3,1,3,brian roberts,203148
21400444,"DEC 27, 2014 - CHA vs. ORL",H,L,-8,2,2,8:49,12.5,0,0.8,23.2,3,missed,"Frye, Channing",101112,5.5,0,0,brian roberts,203148
21400444,"DEC 27, 2014 - CHA vs. ORL",H,L,-8,3,2,8:14,14.6,11,9.2,19.7,2,missed,"Payton, Elfrid",203901,4.5,0,0,brian roberts,203148
21400438,"DEC 26, 2014 - CHA @ OKC",A,L,-23,1,1,0:44,16.3,8,6.5,24.8,3,made,"Collison, Nick",2555,9.3,1,3,brian roberts,203148
21400438,"DEC 26, 2014 - CHA @ OKC",A,L,-23,2,2,9:51,13.6,7,5,25.1,3,made,"Perkins, Kendrick",2570,5.9,1,3,brian roberts,203148
21400438,"DEC 26, 2014 - CHA @ OKC",A,L,-23,3,2,7:21,11.8,12,13.5,12.9,2,missed,"Lamb, Jeremy",203087,4.3,0,0,brian roberts,203148
21400438,"DEC 26, 2014 - CHA @ OKC",A,L,-23,4,4,11:17,9.4,1,1.3,16.5,2,made,"Jackson, Reggie",202704,2.6,1,2,brian roberts,203148
21400438,"DEC 26, 2014 - CHA @ OKC",A,L,-23,5,4,10:18,9.3,1,1.5,23,2,missed,"Jackson, Reggie",202704,2.9,0,0,brian roberts,203148
21400438,"DEC 26, 2014 - CHA @ OKC",A,L,-23,6,4,10:01,18.9,0,2.2,24.9,3,made,"Jackson, Reggie",202704,16.4,1,3,brian roberts,203148
21400438,"DEC 26, 2014 - CHA @ OKC",A,L,-23,7,4,8:29,22.5,0,0.9,24.3,3,missed,"Jackson, Reggie",202704,7.6,0,0,brian roberts,203148
21400438,"DEC 26, 2014 - CHA @ OKC",A,L,-23,8,4,6:21,20.7,0,1,25.3,3,missed,"Smith, Ish",202397,6.3,0,0,brian roberts,203148
21400438,"DEC 26, 2014 - CHA @ OKC",A,L,-23,9,4,4:37,9,3,4.9,5.2,2,made,"Smith, Ish",202397,1.1,1,2,brian roberts,203148
21400423,"DEC 23, 2014 - CHA @ MIL",A,W,7,1,1,0:01,,2,1.4,32.9,3,missed,"Dudley, Jared",201162,4.1,0,0,brian roberts,203148
21400423,"DEC 23, 2014 - CHA @ MIL",A,W,7,2,2,8:49,14.4,3,3,20.5,2,made,"Marshall, Kendall",203088,5.3,1,2,brian roberts,203148
21400423,"DEC 23, 2014 - CHA @ MIL",A,W,7,3,2,7:01,18.5,7,5.8,2,2,missed,"Marshall, Kendall",203088,2.1,0,0,brian roberts,203148
21400423,"DEC 23, 2014 - CHA @ MIL",A,W,7,4,4,10:03,14.5,11,9.1,22.2,2,missed,"Marshall, Kendall",203088,2.2,0,0,brian roberts,203148
21400423,"DEC 23, 2014 - CHA @ MIL",A,W,7,5,4,9:15,13.7,0,0,29.2,3,missed,"Marshall, Kendall",203088,9.5,0,0,brian roberts,203148
21400409,"DEC 22, 2014 - CHA vs. DEN",H,W,28,1,2,11:23,13.5,12,8.5,21.3,2,made,"Faried, Kenneth",202702,4.6,1,2,brian roberts,203148
21400409,"DEC 22, 2014 - CHA vs. DEN",H,W,28,2,2,10:57,16.3,7,6.5,10.5,2,missed,"Robinson, Nate",101126,1.6,0,0,brian roberts,203148
21400409,"DEC 22, 2014 - CHA vs. DEN",H,W,28,3,2,8:07,12,0,11.2,13.8,2,missed,"Robinson, Nate",101126,4,0,0,brian roberts,203148
21400409,"DEC 22, 2014 - CHA vs. DEN",H,W,28,4,4,4:07,18.8,6,4.2,0.9,2,made,"Harris, Gary",203914,3.6,1,2,brian roberts,203148
21400409,"DEC 22, 2014 - CHA vs. DEN",H,W,28,5,4,0:54,20.4,3,3.5,26.4,3,made,"Nurkic, Jusuf",203994,4.8,1,3,brian roberts,203148
21400395,"DEC 20, 2014 - CHA vs. UTA",H,W,18,1,2,11:34,9,0,0.7,24.3,3,made,"Exum, Dante",203957,5.2,1,3,brian roberts,203148
21400395,"DEC 20, 2014 - CHA vs. UTA",H,W,18,2,2,6:39,17.4,5,6.3,16.4,2,missed,"Burke, Trey",203504,3.2,0,0,brian roberts,203148
21400395,"DEC 20, 2014 - CHA vs. UTA",H,W,18,3,3,1:39,13,10,11.2,15.4,2,made,"Exum, Dante",203957,1.8,1,2,brian roberts,203148
21400395,"DEC 20, 2014 - CHA vs. UTA",H,W,18,4,4,8:43,7.7,0,0.8,21.8,3,missed,"Exum, Dante",203957,5.5,0,0,brian roberts,203148
21400384,"DEC 19, 2014 - CHA @ PHI",A,W,18,1,2,9:28,15.9,9,8.6,21.2,2,missed,"Wroten, Tony",203100,4.2,0,0,brian roberts,203148
21400384,"DEC 19, 2014 - CHA @ PHI",A,W,18,2,2,7:22,12.8,0,0.8,23.9,3,made,"Carter-Williams, Michael",203487,6.4,1,3,brian roberts,203148
21400384,"DEC 19, 2014 - CHA @ PHI",A,W,18,3,4,7:09,20.5,4,5,3.9,2,missed,"Wroten, Tony",203100,2.8,0,0,brian roberts,203148
21400369,"DEC 17, 2014 - CHA vs. PHX",H,L,-5,1,2,9:32,5.8,4,3.6,25.2,3,missed,"Thomas, Isaiah",202738,10,0,0,brian roberts,203148
21400369,"DEC 17, 2014 - CHA vs. PHX",H,L,-5,2,2,8:59,2.6,0,0.8,24.1,3,made,"Bledsoe, Eric",202339,5.2,1,3,brian roberts,203148
21400369,"DEC 17, 2014 - CHA vs. PHX",H,L,-5,3,2,6:35,10,1,2.3,16.9,2,missed,"Thomas, Isaiah",202738,2.4,0,0,brian roberts,203148
21400369,"DEC 17, 2014 - CHA vs. PHX",H,L,-5,4,4,11:30,21.7,0,0.9,23.8,3,made,"Thomas, Isaiah",202738,13.1,1,3,brian roberts,203148
21400369,"DEC 17, 2014 - CHA vs. PHX",H,L,-5,5,4,9:49,15.7,12,8.3,26.3,3,missed,"Thomas, Isaiah",202738,5.5,0,0,brian roberts,203148
21400355,"DEC 15, 2014 - CHA @ CLE",A,L,-9,1,2,9:58,14.8,10,9.5,17.2,2,made,"Irving, Kyrie",202681,7.1,1,2,brian roberts,203148
21400355,"DEC 15, 2014 - CHA @ CLE",A,L,-9,2,2,9:18,4.1,3,6,22.6,2,missed,"Marion, Shawn",1890,4.2,0,0,brian roberts,203148
21400355,"DEC 15, 2014 - CHA @ CLE",A,L,-9,3,2,4:56,19.7,0,0.9,25,3,made,"Varejao, Anderson",2760,7.5,1,3,brian roberts,203148
21400355,"DEC 15, 2014 - CHA @ CLE",A,L,-9,4,4,9:38,8.1,0,0.8,24.3,3,missed,"Irving, Kyrie",202681,4.4,0,0,brian roberts,203148
21400355,"DEC 15, 2014 - CHA @ CLE",A,L,-9,5,4,8:07,1.3,1,2.7,9.3,2,made,"James, LeBron",2544,2.4,1,2,brian roberts,203148
21400355,"DEC 15, 2014 - CHA @ CLE",A,L,-9,6,4,6:41,14.5,9,7.6,20.4,2,missed,"James, LeBron",2544,2.6,0,0,brian roberts,203148
21400341,"DEC 13, 2014 - CHA vs. BKN",H,L,-27,1,1,0:05,1.9,0,2,26,3,made,"Bogdanovic, Bojan",202711,2.8,1,3,brian roberts,203148
21400341,"DEC 13, 2014 - CHA vs. BKN",H,L,-27,2,2,10:49,9.2,2,1.8,14.6,2,missed,"Jack, Jarrett",101127,2.9,0,0,brian roberts,203148
21400341,"DEC 13, 2014 - CHA vs. BKN",H,L,-27,3,2,8:00,16.5,9,8,25,3,made,"Jack, Jarrett",101127,6.1,1,3,brian roberts,203148
21400341,"DEC 13, 2014 - CHA vs. BKN",H,L,-27,4,4,9:17,14.7,0,1.1,23.6,3,missed,"Johnson, Joe",2207,6.7,0,0,brian roberts,203148
21400341,"DEC 13, 2014 - CHA vs. BKN",H,L,-27,5,4,7:58,16.9,9,6.8,23.8,3,made,"Bogdanovic, Bojan",202711,6,1,3,brian roberts,203148
21400341,"DEC 13, 2014 - CHA vs. BKN",H,L,-27,6,4,5:57,15.5,1,1.7,20.3,2,made,"Williams, Deron",101114,3.9,1,2,brian roberts,203148
21400341,"DEC 13, 2014 - CHA vs. BKN",H,L,-27,7,4,1:47,15.2,13,8.5,20.7,2,made,"Davies, Brandon",203561,3.4,1,2,brian roberts,203148
21400334,"DEC 12, 2014 - CHA @ MEM",A,L,-6,1,2,8:09,11.2,0,0.7,24.7,3,missed,"Udrih, Beno",2757,2.6,0,0,brian roberts,203148
21400334,"DEC 12, 2014 - CHA @ MEM",A,L,-6,2,4,10:17,16,11,10.3,21.7,2,missed,"Udrih, Beno",2757,5.8,0,0,brian roberts,203148
21400316,"DEC 10, 2014 - CHA vs. BOS",H,W,9,1,2,9:23,15.6,9,7.6,6.3,2,missed,"Smart, Marcus",203935,1.6,0,0,brian roberts,203148
21400316,"DEC 10, 2014 - CHA vs. BOS",H,W,9,2,2,7:02,16,8,7.3,8.1,2,made,"Olynyk, Kelly",203482,2.5,1,2,brian roberts,203148
21400316,"DEC 10, 2014 - CHA vs. BOS",H,W,9,3,2,6:38,18,6,4.8,25.1,3,missed,"Turner, Evan",202323,4.1,0,0,brian roberts,203148
21400316,"DEC 10, 2014 - CHA vs. BOS",H,W,9,4,4,9:23,13,1,1.6,18.4,2,made,"Pressey, Phil",203515,3.9,1,2,brian roberts,203148
21400276,"DEC 05, 2014 - CHA vs. NYK",H,W,1,1,2,11:43,6.1,0,0.8,24.2,3,missed,"Larkin, Shane",203499,4.1,0,0,brian roberts,203148
21400276,"DEC 05, 2014 - CHA vs. NYK",H,W,1,2,2,9:23,11.4,2,2.5,11.2,2,made,"Larkin, Shane",203499,2.2,1,2,brian roberts,203148
21400263,"DEC 03, 2014 - CHA vs. CHI",H,L,-7,1,1,0:01,,4,3.4,41.6,3,missed,"Brooks, Aaron",201166,6,0,0,brian roberts,203148
21400263,"DEC 03, 2014 - CHA vs. CHI",H,L,-7,2,2,8:55,11.4,2,2.2,13.5,2,missed,"Brooks, Aaron",201166,2.5,0,0,brian roberts,203148
21400263,"DEC 03, 2014 - CHA vs. CHI",H,L,-7,3,2,6:38,11.4,11,12.6,12.9,2,missed,"Brooks, Aaron",201166,3.4,0,0,brian roberts,203148
21400263,"DEC 03, 2014 - CHA vs. CHI",H,L,-7,4,2,0:06,,20,16.5,4.9,2,missed,"Gasol, Pau",2200,3.5,0,0,brian roberts,203148
21400263,"DEC 03, 2014 - CHA vs. CHI",H,L,-7,5,4,11:50,13.2,1,1.5,10.8,2,missed,"Noah, Joakim",201149,5.7,0,0,brian roberts,203148
21400263,"DEC 03, 2014 - CHA vs. CHI",H,L,-7,6,4,10:33,15.3,0,1.1,24.5,3,missed,"Hinrich, Kirk",2550,5.2,0,0,brian roberts,203148
21400263,"DEC 03, 2014 - CHA vs. CHI",H,L,-7,7,4,9:46,6,0,0.9,22.1,3,made,"Brooks, Aaron",201166,6.7,1,3,brian roberts,203148
21400263,"DEC 03, 2014 - CHA vs. CHI",H,L,-7,8,4,7:24,14.8,12,8.3,12.1,2,missed,"Mirotic, Nikola",202703,4.4,0,0,brian roberts,203148
21400237,"NOV 29, 2014 - CHA @ ATL",A,L,-30,1,1,0:26,13.5,13,10.6,12.1,2,missed,"Bazemore, Kent",203145,2.2,0,0,brian roberts,203148
21400237,"NOV 29, 2014 - CHA @ ATL",A,L,-30,2,2,10:51,12.9,1,1.8,15.8,2,missed,"Horford, Al",201143,4.7,0,0,brian roberts,203148
21400237,"NOV 29, 2014 - CHA @ ATL",A,L,-30,3,2,8:18,12,6,5.1,13.7,2,missed,"Bazemore, Kent",203145,3.5,0,0,brian roberts,203148
21400237,"NOV 29, 2014 - CHA @ ATL",A,L,-30,4,2,0:34,13.6,0,0.8,25.3,3,missed,"Carroll, DeMarre",201960,3.7,0,0,brian roberts,203148
21400237,"NOV 29, 2014 - CHA @ ATL",A,L,-30,5,3,7:11,10,0,0.9,22.8,3,missed,"Carroll, DeMarre",201960,2.7,0,0,brian roberts,203148
21400237,"NOV 29, 2014 - CHA @ ATL",A,L,-30,6,3,5:07,15.8,6,5.4,18.3,2,missed,"Teague, Jeff",201952,5.3,0,0,brian roberts,203148
21400224,"NOV 28, 2014 - CHA vs. GSW",H,L,-5,1,1,1:53,12.7,3,3.2,9.3,2,made,"Curry, Stephen",201939,3.3,1,2,brian roberts,203148
21400224,"NOV 28, 2014 - CHA vs. GSW",H,L,-5,2,1,1:26,12,2,1.5,3.8,2,made,"Barnes, Harrison",203084,2.1,1,2,brian roberts,203148
21400224,"NOV 28, 2014 - CHA vs. GSW",H,L,-5,3,2,11:06,13.6,0,0.7,20,2,made,"Rush, Brandon",201575,3.5,1,2,brian roberts,203148
21400224,"NOV 28, 2014 - CHA vs. GSW",H,L,-5,4,2,8:43,17.9,5,4.7,25.6,3,made,"Barnes, Harrison",203084,5.7,1,3,brian roberts,203148
21400224,"NOV 28, 2014 - CHA vs. GSW",H,L,-5,5,2,4:59,8.3,1,0.9,24.3,3,made,"Thompson, Klay",202691,5.7,1,3,brian roberts,203148
21400224,"NOV 28, 2014 - CHA vs. GSW",H,L,-5,6,3,0:34,11.9,3,2.6,3.5,2,made,"Barnes, Harrison",203084,1.7,1,2,brian roberts,203148
21400224,"NOV 28, 2014 - CHA vs. GSW",H,L,-5,7,4,10:50,15.1,2,3.6,20.4,2,made,"Speights, Marreese",201578,4.1,1,2,brian roberts,203148
21400224,"NOV 28, 2014 - CHA vs. GSW",H,L,-5,8,4,9:14,17.4,1,1.3,24.7,3,missed,"Barnes, Harrison",203084,6.3,0,0,brian roberts,203148
21400224,"NOV 28, 2014 - CHA vs. GSW",H,L,-5,9,4,6:39,12,2,2.6,2.6,2,missed,"Livingston, Shaun",2733,1.9,0,0,brian roberts,203148
21400224,"NOV 28, 2014 - CHA vs. GSW",H,L,-5,10,4,4:39,11.1,0,0.9,25.1,3,missed,"Curry, Stephen",201939,6.3,0,0,brian roberts,203148
21400224,"NOV 28, 2014 - CHA vs. GSW",H,L,-5,11,4,0:57,23.4,0,0.6,19.3,2,missed,"Iguodala, Andre",2738,11.2,0,0,brian roberts,203148
21400224,"NOV 28, 2014 - CHA vs. GSW",H,L,-5,12,4,0:19,17.5,8,6.6,5,2,made,"Green, Draymond",203110,3,1,2,brian roberts,203148
21400210,"NOV 26, 2014 - CHA vs. POR",H,L,-8,1,1,2:44,16,1,1.3,15.2,2,made,"Blake, Steve",2581,2,1,2,brian roberts,203148
21400210,"NOV 26, 2014 - CHA vs. POR",H,L,-8,2,1,0:29,10.8,0,0.8,24.6,3,made,"Crabbe, Allen",203459,5.1,1,3,brian roberts,203148
21400210,"NOV 26, 2014 - CHA vs. POR",H,L,-8,3,2,9:55,17.4,6,7.1,14.9,2,made,"Blake, Steve",2581,2.4,1,2,brian roberts,203148
21400210,"NOV 26, 2014 - CHA vs. POR",H,L,-8,4,2,8:56,11.8,2,1.9,5.5,2,made,"Kaman, Chris",2549,3.6,1,2,brian roberts,203148
21400210,"NOV 26, 2014 - CHA vs. POR",H,L,-8,5,2,8:03,9.8,1,0.8,25,3,made,"Blake, Steve",2581,8.1,1,3,brian roberts,203148
21400210,"NOV 26, 2014 - CHA vs. POR",H,L,-8,6,2,7:06,13.1,7,7.4,9.1,2,made,"Batum, Nicolas",201587,3.4,1,2,brian roberts,203148
21400210,"NOV 26, 2014 - CHA vs. POR",H,L,-8,7,2,0:33,15.5,8,6.9,5.9,2,missed,"Aldridge, LaMarcus",200746,0.2,0,0,brian roberts,203148
21400210,"NOV 26, 2014 - CHA vs. POR",H,L,-8,8,3,6:26,10.2,2,2.3,7.3,2,made,"Lillard, Damian",203081,2,1,2,brian roberts,203148
21400210,"NOV 26, 2014 - CHA vs. POR",H,L,-8,10,3,4:23,7,2,2.9,19.6,2,missed,"Aldridge, LaMarcus",200746,4.4,0,0,brian roberts,203148
21400210,"NOV 26, 2014 - CHA vs. POR",H,L,-8,11,3,2:17,11.6,1,3.3,17.5,2,missed,"Blake, Steve",2581,2.7,0,0,brian roberts,203148
21400210,"NOV 26, 2014 - CHA vs. POR",H,L,-8,12,4,10:47,15.5,2,3,21.6,2,missed,"Kaman, Chris",2549,6.7,0,0,brian roberts,203148
21400210,"NOV 26, 2014 - CHA vs. POR",H,L,-8,13,4,8:49,7.5,1,2.1,24.5,3,missed,"Freeland, Joel",200777,8.6,0,0,brian roberts,203148
21400210,"NOV 26, 2014 - CHA vs. POR",H,L,-8,14,4,7:01,0.8,1,4,15.4,2,missed,"Lillard, Damian",203081,2.6,0,0,brian roberts,203148
21400210,"NOV 26, 2014 - CHA vs. POR",H,L,-8,15,4,6:37,17.3,2,1.9,18,2,made,"Blake, Steve",2581,5.5,1,2,brian roberts,203148
21400210,"NOV 26, 2014 - CHA vs. POR",H,L,-8,16,4,3:08,7.9,2,3,15.1,2,missed,"Matthews, Wesley",202083,2.4,0,0,brian roberts,203148
21400210,"NOV 26, 2014 - CHA vs. POR",H,L,-8,17,4,0:38,16.8,0,0.9,22.2,3,made,"Aldridge, LaMarcus",200746,10.3,1,3,brian roberts,203148
21400198,"NOV 24, 2014 - CHA vs. LAC",H,L,-21,1,1,3:16,11.3,0,1,22.6,3,made,"Crawford, Jamal",2037,11,1,3,brian roberts,203148
21400198,"NOV 24, 2014 - CHA vs. LAC",H,L,-21,2,2,10:22,9.6,2,1.8,6.8,2,made,"Davis, Glen",201175,1.8,1,2,brian roberts,203148
21400198,"NOV 24, 2014 - CHA vs. LAC",H,L,-21,3,2,8:38,21.1,4,3.5,2.8,2,made,"Farmar, Jordan",200770,2.2,1,2,brian roberts,203148
21400198,"NOV 24, 2014 - CHA vs. LAC",H,L,-21,4,3,3:08,8.3,0,1,25.7,3,missed,"Redick, JJ",200755,6.1,0,0,brian roberts,203148
21400198,"NOV 24, 2014 - CHA vs. LAC",H,L,-21,5,3,2:35,6.4,2,2.5,20,2,made,"Redick, JJ",200755,5.1,1,2,brian roberts,203148
21400198,"NOV 24, 2014 - CHA vs. LAC",H,L,-21,6,4,10:12,9.6,4,3.7,21.2,2,made,"Crawford, Jamal",2037,4.7,1,2,brian roberts,203148
21400198,"NOV 24, 2014 - CHA vs. LAC",H,L,-21,7,4,8:03,9.8,1,1,25.2,3,missed,"Redick, JJ",200755,8.8,0,0,brian roberts,203148
21400198,"NOV 24, 2014 - CHA vs. LAC",H,L,-21,8,4,5:11,16.5,0,0.9,25,3,missed,"Paul, Chris",101108,6.3,0,0,brian roberts,203148
21400198,"NOV 24, 2014 - CHA vs. LAC",H,L,-21,9,4,0:14,12.6,3,4.9,25.6,3,missed,"Griffin, Blake",201933,4.9,0,0,brian roberts,203148
21400195,"NOV 23, 2014 - CHA @ MIA",A,L,-1,1,1,2:40,4.6,0,0.9,21.9,3,missed,"Napier, Shabazz",203894,4.2,0,0,brian roberts,203148
21400195,"NOV 23, 2014 - CHA @ MIA",A,L,-1,2,1,0:00,,0,0.6,23.9,3,missed,"Napier, Shabazz",203894,3.6,0,0,brian roberts,203148
21400195,"NOV 23, 2014 - CHA @ MIA",A,L,-1,3,2,5:24,9,2,2.2,11.5,2,missed,"Napier, Shabazz",203894,3.4,0,0,brian roberts,203148
21400195,"NOV 23, 2014 - CHA @ MIA",A,L,-1,4,4,11:25,10.9,1,3,25.4,3,missed,"Napier, Shabazz",203894,5.2,0,0,brian roberts,203148
21400195,"NOV 23, 2014 - CHA @ MIA",A,L,-1,5,4,6:45,12.8,1,1.9,10.1,2,made,"Napier, Shabazz",203894,4.9,1,2,brian roberts,203148
21400172,"NOV 21, 2014 - CHA vs. ORL",H,L,-5,1,1,0:55,9.9,1,1.9,21.7,2,made,"Payton, Elfrid",203901,4.4,1,2,brian roberts,203148
21400172,"NOV 21, 2014 - CHA vs. ORL",H,L,-5,2,2,11:02,4.4,0,1.4,20.4,2,made,"Ridnour, Luke",2557,2.1,1,2,brian roberts,203148
21400172,"NOV 21, 2014 - CHA vs. ORL",H,L,-5,3,2,6:31,4.5,0,0.7,22.1,3,missed,"Harris, Tobias",202699,5.2,0,0,brian roberts,203148
21400172,"NOV 21, 2014 - CHA vs. ORL",H,L,-5,4,4,10:24,11.8,5,8,16.1,2,missed,"Green, Willie",2584,2.5,0,0,brian roberts,203148
21400172,"NOV 21, 2014 - CHA vs. ORL",H,L,-5,5,4,9:40,8.9,5,5.6,12.5,2,made,"Green, Willie",2584,2.7,1,2,brian roberts,203148
21400160,"NOV 19, 2014 - CHA @ IND",A,L,-2,1,1,3:30,14.6,2,7.5,20.8,2,made,"Sloan, Donald",202388,6.5,1,2,brian roberts,203148
21400160,"NOV 19, 2014 - CHA @ IND",A,L,-2,2,1,2:24,16.5,10,8.3,20.6,2,made,"Sloan, Donald",202388,3.4,1,2,brian roberts,203148
21400160,"NOV 19, 2014 - CHA @ IND",A,L,-2,3,1,0:04,,0,0.8,24.8,3,made,"Stuckey, Rodney",201155,4.2,1,3,brian roberts,203148
21400160,"NOV 19, 2014 - CHA @ IND",A,L,-2,4,2,1:37,19.2,0,0.9,25.8,3,missed,"Sloan, Donald",202388,5.7,0,0,brian roberts,203148
21400160,"NOV 19, 2014 - CHA @ IND",A,L,-2,5,3,2:39,13.9,12,10.4,25.1,3,missed,"Stuckey, Rodney",201155,7.1,0,0,brian roberts,203148
21400160,"NOV 19, 2014 - CHA @ IND",A,L,-2,6,4,9:56,16.6,7,6.4,20.9,2,made,"Stuckey, Rodney",201155,3.6,1,2,brian roberts,203148
21400160,"NOV 19, 2014 - CHA @ IND",A,L,-2,7,4,6:12,15.6,2,2.6,3.8,2,missed,"Allen, Lavoy",202730,1.9,0,0,brian roberts,203148
21400146,"NOV 17, 2014 - CHA vs. DAL",H,L,-27,1,2,10:14,16.4,0,0.7,23.9,3,missed,"Harris, Devin",2734,5,0,0,brian roberts,203148
21400146,"NOV 17, 2014 - CHA vs. DAL",H,L,-27,2,2,7:36,14.1,0,0.9,20.5,2,missed,"Harris, Devin",2734,3.9,0,0,brian roberts,203148
21400146,"NOV 17, 2014 - CHA vs. DAL",H,L,-27,3,4,4:38,16.1,8,7.5,22.4,2,missed,"Smith, Greg",202962,4.9,0,0,brian roberts,203148
21400146,"NOV 17, 2014 - CHA vs. DAL",H,L,-27,4,4,3:13,0.9,1,1.6,33.5,3,missed,"Villanueva, Charlie",101111,7.8,0,0,brian roberts,203148
21400140,"NOV 15, 2014 - CHA @ GSW",A,L,-25,1,1,0:09,4.5,18,17.1,20.6,2,missed,"Livingston, Shaun",2733,4.5,0,0,brian roberts,203148
21400140,"NOV 15, 2014 - CHA @ GSW",A,L,-25,2,2,10:16,16.9,5,5.1,9,2,missed,"Barbosa, Leandro",2571,2.9,0,0,brian roberts,203148
21400140,"NOV 15, 2014 - CHA @ GSW",A,L,-25,3,2,7:12,17,7,6.5,24.3,3,made,"Livingston, Shaun",2733,3.8,1,3,brian roberts,203148
21400140,"NOV 15, 2014 - CHA @ GSW",A,L,-25,4,2,5:44,6.3,2,2.4,19.3,2,missed,"Livingston, Shaun",2733,4.2,0,0,brian roberts,203148
21400140,"NOV 15, 2014 - CHA @ GSW",A,L,-25,5,4,10:26,14.8,9,8.9,25.1,3,made,"Barnes, Harrison",203084,5.5,1,3,brian roberts,203148
21400140,"NOV 15, 2014 - CHA @ GSW",A,L,-25,6,4,9:09,6.5,3,4.1,17.9,2,missed,"Barnes, Harrison",203084,4.8,0,0,brian roberts,203148
21400140,"NOV 15, 2014 - CHA @ GSW",A,L,-25,7,4,8:11,8.8,0,1.1,25.3,3,missed,"Livingston, Shaun",2733,3.7,0,0,brian roberts,203148
21400140,"NOV 15, 2014 - CHA @ GSW",A,L,-25,8,4,8:05,21.2,0,1.4,24.7,3,missed,"Barbosa, Leandro",2571,9.4,0,0,brian roberts,203148
21400140,"NOV 15, 2014 - CHA @ GSW",A,L,-25,9,4,3:10,18,6,7,14.1,2,made,"Kuzmic, Ognjen",203136,3.9,1,2,brian roberts,203148
21400140,"NOV 15, 2014 - CHA @ GSW",A,L,-25,10,4,2:10,13.3,1,3.4,18.6,2,made,"Livingston, Shaun",2733,2.7,1,2,brian roberts,203148
21400140,"NOV 15, 2014 - CHA @ GSW",A,L,-25,11,4,1:27,4,2,2.1,11.7,2,made,"Livingston, Shaun",2733,0.7,1,2,brian roberts,203148
21400140,"NOV 15, 2014 - CHA @ GSW",A,L,-25,12,4,0:23,13.7,12,10.4,15.2,2,made,"Livingston, Shaun",2733,3.7,1,2,brian roberts,203148
21400130,"NOV 14, 2014 - CHA @ PHX",A,W,8,1,1,1:27,14.6,0,0.8,19.2,2,missed,"Bledsoe, Eric",202339,3.5,0,0,brian roberts,203148
21400130,"NOV 14, 2014 - CHA @ PHX",A,W,8,2,1,0:28,14.8,11,9.2,18.1,2,missed,"Thomas, Isaiah",202738,2.7,0,0,brian roberts,203148
21400130,"NOV 14, 2014 - CHA @ PHX",A,W,8,3,1,0:05,3.6,0,1,21.1,2,made,"Bledsoe, Eric",202339,5.9,1,2,brian roberts,203148
21400130,"NOV 14, 2014 - CHA @ PHX",A,W,8,4,2,11:04,21,0,0.9,24.1,3,made,"Tucker, PJ",200782,8.8,1,3,brian roberts,203148
21400130,"NOV 14, 2014 - CHA @ PHX",A,W,8,5,2,7:30,11,0,0.7,22.8,3,missed,"Tucker, PJ",200782,5.6,0,0,brian roberts,203148
21400130,"NOV 14, 2014 - CHA @ PHX",A,W,8,6,2,6:44,21.2,3,3.1,1,2,missed,"Len, Alex",203458,1.6,0,0,brian roberts,203148
21400130,"NOV 14, 2014 - CHA @ PHX",A,W,8,7,3,0:41,17.1,8,6.5,10.8,2,missed,"Len, Alex",203458,1.9,0,0,brian roberts,203148
21400130,"NOV 14, 2014 - CHA @ PHX",A,W,8,8,3,0:05,3.6,23,20.4,19.3,2,made,"Thomas, Isaiah",202738,2.8,1,2,brian roberts,203148
21400107,"NOV 11, 2014 - CHA @ POR",A,L,-2,1,2,10:43,14.2,0,0.8,17.9,2,missed,"Blake, Steve",2581,4.4,0,0,brian roberts,203148
21400107,"NOV 11, 2014 - CHA @ POR",A,L,-2,2,2,9:33,19,0,0.8,23.8,3,made,"Blake, Steve",2581,8.4,1,3,brian roberts,203148
21400107,"NOV 11, 2014 - CHA @ POR",A,L,-2,3,2,9:02,15.5,5,6,11.7,2,made,"Blake, Steve",2581,1.8,1,2,brian roberts,203148
21400107,"NOV 11, 2014 - CHA @ POR",A,L,-2,4,2,7:40,16,2,2.9,6.9,2,made,"Lillard, Damian",203081,2.2,1,2,brian roberts,203148
21400107,"NOV 11, 2014 - CHA @ POR",A,L,-2,5,2,5:58,14.2,11,10.2,11.1,2,missed,"Lillard, Damian",203081,1.2,0,0,brian roberts,203148
21400107,"NOV 11, 2014 - CHA @ POR",A,L,-2,6,4,10:17,11.3,3,3.7,15.3,2,missed,"Blake, Steve",2581,1.3,0,0,brian roberts,203148
21400107,"NOV 11, 2014 - CHA @ POR",A,L,-2,7,4,8:31,10.4,0,0.8,24.3,3,made,"Blake, Steve",2581,4.2,1,3,brian roberts,203148
21400097,"NOV 09, 2014 - CHA @ LAL",A,L,-15,1,2,9:36,5,0,0.7,22.3,3,missed,"Davis, Ed",202334,4.5,0,0,brian roberts,203148
21400097,"NOV 09, 2014 - CHA @ LAL",A,L,-15,2,2,8:54,19.3,0,1.2,25.5,3,missed,"Henry, Xavier",202333,5.5,0,0,brian roberts,203148
21400097,"NOV 09, 2014 - CHA @ LAL",A,L,-15,3,4,8:04,17.5,6,6.5,9.4,2,missed,"Price, Ronnie",101179,2.8,0,0,brian roberts,203148
21400071,"NOV 07, 2014 - CHA vs. ATL",H,W,3,1,1,0:02,,7,7.4,22.1,2,missed,"Scott, Mike",203118,3.8,0,0,brian roberts,203148
21400071,"NOV 07, 2014 - CHA vs. ATL",H,W,3,2,2,7:31,3.2,0,0.7,23.4,3,missed,"Teague, Jeff",201952,5.1,0,0,brian roberts,203148
21400071,"NOV 07, 2014 - CHA vs. ATL",H,W,3,3,4,11:02,14.2,13,9.9,2,2,missed,"Horford, Al",201143,2.3,0,0,brian roberts,203148
21400071,"NOV 07, 2014 - CHA vs. ATL",H,W,3,4,4,10:38,14.2,5,6.5,17.8,2,missed,"Schroder, Dennis",203471,3.1,0,0,brian roberts,203148
21400057,"NOV 05, 2014 - CHA vs. MIA",H,W,7,1,3,0:04,1.7,0,0.6,25.1,3,missed,"Napier, Shabazz",203894,3.9,0,0,brian roberts,203148
21400057,"NOV 05, 2014 - CHA vs. MIA",H,W,7,2,4,8:37,5.2,0,0.7,25.4,3,missed,"Napier, Shabazz",203894,3.9,0,0,brian roberts,203148
21400054,"NOV 04, 2014 - CHA @ NOP",A,L,-9,1,2,9:07,11.3,14,12.3,5.7,2,made,"Anderson, Ryan",201583,2.7,1,2,brian roberts,203148
21400054,"NOV 04, 2014 - CHA @ NOP",A,L,-9,2,2,5:19,19.3,1,1.8,25,3,missed,"Holiday, Jrue",201950,6.4,0,0,brian roberts,203148
21400054,"NOV 04, 2014 - CHA @ NOP",A,L,-9,3,3,2:06,8.7,19,14.6,25.9,3,missed,"Fredette, Jimmer",202690,4.2,0,0,brian roberts,203148
21400054,"NOV 04, 2014 - CHA @ NOP",A,L,-9,4,4,8:39,8.5,5,5.6,21.4,2,missed,"Rivers, Austin",203085,4.4,0,0,brian roberts,203148
21400054,"NOV 04, 2014 - CHA @ NOP",A,L,-9,5,4,7:59,4.2,3,4.6,5.8,2,missed,"Asik, Omer",201600,4,0,0,brian roberts,203148
21400041,"NOV 02, 2014 - CHA @ NYK",A,L,-3,1,1,1:02,16.4,7,7.6,12.2,2,missed,"Prigioni, Pablo",203143,2.4,0,0,brian roberts,203148
21400041,"NOV 02, 2014 - CHA @ NYK",A,L,-3,2,2,10:14,14.2,1,1,19.7,2,missed,"Prigioni, Pablo",203143,3.1,0,0,brian roberts,203148
21400041,"NOV 02, 2014 - CHA @ NYK",A,L,-3,3,4,10:45,4.6,0,0.8,24.8,3,missed,"Prigioni, Pablo",203143,5,0,0,brian roberts,203148
21400041,"NOV 02, 2014 - CHA @ NYK",A,L,-3,4,4,8:16,14.4,0,0.7,18.6,2,made,"Prigioni, Pablo",203143,3.7,1,2,brian roberts,203148
21400028,"NOV 01, 2014 - CHA vs. MEM",H,L,-2,1,2,10:21,9,0,0.8,25.4,3,missed,"Udrih, Beno",2757,4,0,0,brian roberts,203148
21400028,"NOV 01, 2014 - CHA vs. MEM",H,L,-2,2,2,9:54,10.4,0,1,23.5,3,made,"Pondexter, Quincy",202347,7.5,1,3,brian roberts,203148
21400028,"NOV 01, 2014 - CHA vs. MEM",H,L,-2,3,2,8:07,18,8,5.6,9.7,2,missed,"Udrih, Beno",2757,1.4,0,0,brian roberts,203148
21400028,"NOV 01, 2014 - CHA vs. MEM",H,L,-2,4,3,0:35,15.3,10,8.7,18.1,2,made,"Udrih, Beno",2757,3.9,1,2,brian roberts,203148
21400004,"OCT 29, 2014 - CHA vs. MIL",H,W,2,1,2,9:13,14.5,1,0.8,20.6,2,made,"Bayless, Jerryd",201573,4.4,1,2,brian roberts,203148
21400004,"OCT 29, 2014 - CHA vs. MIL",H,W,2,2,2,8:43,10.2,7,5.1,21.1,2,missed,"Bayless, Jerryd",201573,2.9,0,0,brian roberts,203148
21400004,"OCT 29, 2014 - CHA vs. MIL",H,W,2,3,2,4:17,4.6,0,0,22.8,3,missed,"Bayless, Jerryd",201573,6.6,0,0,brian roberts,203148
21400004,"OCT 29, 2014 - CHA vs. MIL",H,W,2,4,4,10:09,20.8,3,3,20.8,2,made,"Bayless, Jerryd",201573,3,1,2,brian roberts,203148
